{
  "user": [
    {
      "id": 1,
      "fname": "Amit",
      "lname": "Patil",
      "mobile": "96541053475",
      "city": "Mumbai",
      "uname": "Admin",
      "pass": "admin123",
      "gender": "Male",
      "lang": [
        "Marathi ",
        "Hindi  ",
        "English "
      ],
      "course": "React"
    },
    {
      "fname": "Rakesh",
      "lname": "Patil",
      "mobile": "9654103534534",
      "city": "Pune",
      "uname": "Admin",
      "pass": "admin123",
      "gender": "Male",
      "lang": [
        "Marathi ",
        "Hindi  ",
        "English "
      ],
      "course": "Java",
      "id": 2
    },
    {
      "id": 3,
      "fname": "Swangi",
      "lname": "Singh",
      "mobile": "9876543210",
      "city": "Pune",
      "uname": "Admin1",
      "pass": "admin1233",
      "gender": "Female",
      "lang": [
        "Hindi ",
        "English "
      ],
      "course": "Java"
    },
    {
      "fname": "Umesh",
      "lname": "Nemade",
      "mobile": "9087432",
      "city": "Mumbai",
      "uname": "UN",
      "pass": "un",
      "gender": "Male",
      "lang": [
        "Marathi ",
        "Hindi  ",
        "English "
      ],
      "course": "Angular",
      "id": 4
    },
    {
      "fname": "pqrs",
      "lname": "rqps",
      "mobile": "888809",
      "city": "pune",
      "uname": "Admin",
      "pass": "admin123",
      "gender": "Transgender",
      "lang": [
        "English "
      ],
      "course": "Java",
      "id": 5
    }
  ]
}